runtime,thrust_command,motor_voltage,motor_current,load_cell,pressure,tms_mode,thrust_enable,raw_load_cell
0.000,0,24.000000,0.200000,0.000000,101.300000,MEASUREMENT,1,100.000000
0.050,0,24.000000,0.200000,0.000000,101.300000,MEASUREMENT,1,100.000000
0.100,0,24.000000,0.200000,0.000000,101.300000,MEASUREMENT,1,100.000000
0.150,0,24.000000,0.200000,0.000000,101.300000,MEASUREMENT,1,100.000000
0.200,0,24.000000,0.200000,0.000000,101.300000,MEASUREMENT,1,100.000000
0.250,0,24.000000,0.200000,0.000000,101.300000,MEASUREMENT,1,100.000000
0.300,0,24.000000,0.200000,0.000000,101.300000,MEASUREMENT,1,100.000000
0.350,0,24.000000,0.200000,0.000000,101.300000,MEASUREMENT,1,100.000000
0.400,0,24.000000,0.200000,0.000000,101.300000,MEASUREMENT,1,100.000000
0.450,0,24.000000,0.200000,0.000000,101.300000,MEASUREMENT,1,100.000000
0.500,0,24.000000,0.200000,0.000000,101.300000,MEASUREMENT,1,100.000000
0.550,0,24.000000,0.200000,0.000000,101.300000,MEASUREMENT,1,100.000000
0.600,0,24.000000,0.200000,0.000000,101.300000,MEASUREMENT,1,100.000000
0.650,0,24.000000,0.200000,0.000000,101.300000,MEASUREMENT,1,100.000000
0.700,0,24.000000,0.200000,0.000000,101.300000,MEASUREMENT,1,100.000000
0.750,0,24.000000,0.200000,0.000000,101.300000,MEASUREMENT,1,100.000000
0.800,0,24.000000,0.200000,0.000000,101.300000,MEASUREMENT,1,100.000000
0.850,0,24.000000,0.200000,0.000000,101.300000,MEASUREMENT,1,100.000000
0.900,0,24.000000,0.200000,0.000000,101.300000,MEASUREMENT,1,100.000000
0.950,0,24.000000,0.200000,0.000000,101.300000,MEASUREMENT,1,100.000000
1.000,0,24.000000,0.200000,0.000000,101.300000,MEASUREMENT,1,100.000000
1.050,0,24.000000,0.200000,0.000000,101.300000,MEASUREMENT,1,100.000000
1.100,0,24.000000,0.200000,0.000000,101.300000,MEASUREMENT,1,100.000000
1.150,0,24.000000,0.200000,0.000000,101.300000,MEASUREMENT,1,100.000000
1.200,0,24.000000,0.200000,0.000000,101.300000,MEASUREMENT,1,100.000000
1.250,0,24.000000,0.200000,0.000000,101.300000,MEASUREMENT,1,100.000000
1.300,0,24.000000,0.200000,0.000000,101.300000,MEASUREMENT,1,100.000000
1.350,0,24.000000,0.200000,0.000000,101.300000,MEASUREMENT,1,100.000000
1.400,0,24.000000,0.200000,0.000000,101.300000,MEASUREMENT,1,100.000000
1.450,0,24.000000,0.200000,0.000000,101.300000,MEASUREMENT,1,100.000000
1.500,0,24.000000,0.200000,0.000000,101.300000,MEASUREMENT,1,100.000000
1.550,0,24.000000,0.200000,0.000000,101.300000,MEASUREMENT,1,100.000000
1.600,0,24.000000,0.200000,0.000000,101.300000,MEASUREMENT,1,100.000000
1.650,0,24.000000,0.200000,0.000000,101.300000,MEASUREMENT,1,100.000000
1.700,0,24.000000,0.200000,0.000000,101.300000,MEASUREMENT,1,100.000000
1.750,0,24.000000,0.200000,0.000000,101.300000,MEASUREMENT,1,100.000000
1.800,0,24.000000,0.200000,0.000000,101.300000,MEASUREMENT,1,100.000000
1.850,0,24.000000,0.200000,0.000000,101.300000,MEASUREMENT,1,100.000000
1.900,0,24.000000,0.200000,0.000000,101.300000,MEASUREMENT,1,100.000000
1.950,0,24.000000,0.200000,0.000000,101.300000,MEASUREMENT,1,100.000000
2.000,50,23.907889,2.349256,1.535183,101.238593,MEASUREMENT,1,1635.182751
2.050,50,23.829919,4.168562,2.834687,101.186613,MEASUREMENT,1,2934.686894
2.100,50,23.763918,5.708571,3.934693,101.142612,MEASUREMENT,1,4034.693403
2.150,50,23.708050,7.012160,4.865829,101.105367,MEASUREMENT,1,4965.828810
2.200,50,23.660759,8.115625,5.654018,101.073839,MEASUREMENT,1,5754.017915
2.250,50,23.620728,9.049688,6.321206,101.047152,MEASUREMENT,1,6421.205588
2.300,50,23.586842,9.840355,6.885968,101.024561,MEASUREMENT,1,6985.967761
2.350,50,23.558158,10.509640,7.364029,101.005439,MEASUREMENT,1,7464.028619
2.400,50,23.533878,11.076178,7.768698,100.989252,MEASUREMENT,1,7868.698399
2.450,50,23.513325,11.555742,8.111244,100.975550,MEASUREMENT,1,8211.243972
2.500,50,23.495928,11.961684,8.401203,100.963952,MEASUREMENT,1,8501.202539
2.550,50,23.481201,12.305306,8.646647,100.954134,MEASUREMENT,1,8746.647168
2.600,50,23.468735,12.596176,8.854412,100.945824,MEASUREMENT,1,8954.411560
2.650,50,23.458183,12.842392,9.030280,100.938789,MEASUREMENT,1,9130.280321
2.700,50,23.449251,13.050810,9.179150,100.932834,MEASUREMENT,1,9279.150014
2.750,50,23.441690,13.227232,9.305165,100.927793,MEASUREMENT,1,9405.165488
2.800,50,23.435290,13.376569,9.411835,100.923527,MEASUREMENT,1,9511.835284
2.850,50,23.429872,13.502981,9.502129,100.919915,MEASUREMENT,1,9602.129316
2.900,50,23.425286,13.609986,9.578562,100.916858,MEASUREMENT,1,9678.561565
2.950,50,23.421404,13.700564,9.643260,100.914270,MEASUREMENT,1,9743.260067
3.000,50,23.418118,13.777237,9.698026,100.912079,MEASUREMENT,1,9798.026166
3.050,50,23.415337,13.842139,9.744385,100.910225,MEASUREMENT,1,9844.384668
3.100,50,23.412982,13.897077,9.783626,100.908655,MEASUREMENT,1,9883.626293
3.150,50,23.410989,13.943581,9.816844,100.907326,MEASUREMENT,1,9916.843611
3.200,50,23.409302,13.982946,9.844961,100.906202,MEASUREMENT,1,9944.961464
3.250,50,23.407874,14.016268,9.868763,100.905249,MEASUREMENT,1,9968.762713
3.300,50,23.406665,14.044474,9.888910,100.904444,MEASUREMENT,1,9988.910035
3.350,50,23.405642,14.068350,9.905964,100.903761,MEASUREMENT,1,10005.964374
3.400,50,23.404776,14.088561,9.920401,100.903184,MEASUREMENT,1,10020.400562
3.450,50,23.404043,14.105669,9.932621,100.902695,MEASUREMENT,1,10032.620530
3.500,50,23.403422,14.120150,9.942965,100.902281,MEASUREMENT,1,10042.964510
3.550,50,23.402897,14.132409,9.951721,100.901931,MEASUREMENT,1,10051.720500
3.600,50,23.402452,14.142785,9.959132,100.901635,MEASUREMENT,1,10059.132286
3.650,50,23.402076,14.151569,9.965406,100.901384,MEASUREMENT,1,10065.406227
3.700,50,23.401757,14.159004,9.970717,100.901171,MEASUREMENT,1,10070.717003
3.750,50,23.401487,14.165297,9.975212,100.900992,MEASUREMENT,1,10075.212478
3.800,50,23.401259,14.170625,9.979018,100.900839,MEASUREMENT,1,10079.017816
3.850,50,23.401066,14.175135,9.982239,100.900710,MEASUREMENT,1,10082.238965
3.900,50,23.400902,14.178952,9.984966,100.900601,MEASUREMENT,1,10084.965608
3.950,50,23.400764,14.182183,9.987274,100.900509,MEASUREMENT,1,10087.273662
4.000,50,23.400646,14.184918,9.989227,100.900431,MEASUREMENT,1,10089.227387
4.050,50,23.400547,14.187234,9.990881,100.900365,MEASUREMENT,1,10090.881180
4.100,50,23.400463,14.189194,9.992281,100.900309,MEASUREMENT,1,10092.281086
4.150,50,23.400392,14.190853,9.993466,100.900261,MEASUREMENT,1,10093.466080
4.200,50,23.400332,14.192257,9.994469,100.900221,MEASUREMENT,1,10094.469156
4.250,50,23.400281,14.193446,9.995318,100.900187,MEASUREMENT,1,10095.318242
4.300,50,23.400238,14.194452,9.996037,100.900159,MEASUREMENT,1,10096.036977
4.350,50,23.400201,14.195304,9.996645,100.900134,MEASUREMENT,1,10096.645374
4.400,50,23.400170,14.196025,9.997160,100.900114,MEASUREMENT,1,10097.160370
4.450,50,23.400144,14.196635,9.997596,100.900096,MEASUREMENT,1,10097.596305
4.500,50,23.400122,14.197151,9.997965,100.900081,MEASUREMENT,1,10097.965316
4.550,50,23.400103,14.197589,9.998278,100.900069,MEASUREMENT,1,10098.277677
4.600,50,23.400087,14.197959,9.998542,100.900058,MEASUREMENT,1,10098.542085
4.650,50,23.400074,14.198272,9.998766,100.900049,MEASUREMENT,1,10098.765902
4.700,50,23.400063,14.198538,9.998955,100.900042,MEASUREMENT,1,10098.955359
4.750,50,23.400053,14.198762,9.999116,100.900035,MEASUREMENT,1,10099.115730
4.800,50,23.400045,14.198952,9.999251,100.900030,MEASUREMENT,1,10099.251482
4.850,50,23.400038,14.199113,9.999366,100.900025,MEASUREMENT,1,10099.366393
4.900,50,23.400032,14.199249,9.999464,100.900021,MEASUREMENT,1,10099.463663
4.950,50,23.400027,14.199364,9.999546,100.900018,MEASUREMENT,1,10099.546001
5.000,50,23.400023,14.199462,9.999616,100.900015,MEASUREMENT,1,10099.615698
5.050,50,23.400020,14.199545,9.999675,100.900013,MEASUREMENT,1,10099.674695
5.100,50,23.400017,14.199614,9.999725,100.900011,MEASUREMENT,1,10099.724636
5.150,50,23.400014,14.199674,9.999767,100.900009,MEASUREMENT,1,10099.766909
5.200,50,23.400012,14.199724,9.999803,100.900008,MEASUREMENT,1,10099.802693
5.250,50,23.400010,14.199766,9.999833,100.900007,MEASUREMENT,1,10099.832983
5.300,50,23.400008,14.199802,9.999859,100.900006,MEASUREMENT,1,10099.858623
5.350,50,23.400007,14.199832,9.999880,100.900005,MEASUREMENT,1,10099.880327
5.400,50,23.400006,14.199858,9.999899,100.900004,MEASUREMENT,1,10099.898699
5.450,50,23.400005,14.199880,9.999914,100.900003,MEASUREMENT,1,10099.914251
5.500,50,23.400004,14.199898,9.999927,100.900003,MEASUREMENT,1,10099.927415
5.550,50,23.400004,14.199914,9.999939,100.900002,MEASUREMENT,1,10099.938558
5.600,50,23.400003,14.199927,9.999948,100.900002,MEASUREMENT,1,10099.947990
5.650,50,23.400003,14.199938,9.999956,100.900002,MEASUREMENT,1,10099.955975
5.700,50,23.400002,14.199948,9.999963,100.900001,MEASUREMENT,1,10099.962733
5.750,50,23.400002,14.199956,9.999968,100.900001,MEASUREMENT,1,10099.968455
5.800,50,23.400002,14.199963,9.999973,100.900001,MEASUREMENT,1,10099.973297
5.850,50,23.400001,14.199968,9.999977,100.900001,MEASUREMENT,1,10099.977397
5.900,50,23.400001,14.199973,9.999981,100.900001,MEASUREMENT,1,10099.980867
5.950,50,23.400001,14.199977,9.999984,100.900001,MEASUREMENT,1,10099.983804
6.000,50,23.400001,14.199981,9.999986,100.900001,MEASUREMENT,1,10099.986290
6.050,50,23.400001,14.199984,9.999988,100.900000,MEASUREMENT,1,10099.988395
6.100,50,23.400001,14.199986,9.999990,100.900000,MEASUREMENT,1,10099.990177
6.150,50,23.400000,14.199988,9.999992,100.900000,MEASUREMENT,1,10099.991685
6.200,50,23.400000,14.199990,9.999993,100.900000,MEASUREMENT,1,10099.992961
6.250,50,23.400000,14.199992,9.999994,100.900000,MEASUREMENT,1,10099.994042
6.300,50,23.400000,14.199993,9.999995,100.900000,MEASUREMENT,1,10099.994957
6.350,50,23.400000,14.199994,9.999996,100.900000,MEASUREMENT,1,10099.995731
6.400,50,23.400000,14.199995,9.999996,100.900000,MEASUREMENT,1,10099.996386
6.450,50,23.400000,14.199996,9.999997,100.900000,MEASUREMENT,1,10099.996941
6.500,50,23.400000,14.199996,9.999997,100.900000,MEASUREMENT,1,10099.997411
6.550,50,23.400000,14.199997,9.999998,100.900000,MEASUREMENT,1,10099.997808
6.600,50,23.400000,14.199997,9.999998,100.900000,MEASUREMENT,1,10099.998145
6.650,50,23.400000,14.199998,9.999998,100.900000,MEASUREMENT,1,10099.998429
6.700,50,23.400000,14.199998,9.999999,100.900000,MEASUREMENT,1,10099.998671
6.750,50,23.400000,14.199998,9.999999,100.900000,MEASUREMENT,1,10099.998875
6.800,50,23.400000,14.199999,9.999999,100.900000,MEASUREMENT,1,10099.999047
6.850,50,23.400000,14.199999,9.999999,100.900000,MEASUREMENT,1,10099.999194
6.900,50,23.400000,14.199999,9.999999,100.900000,MEASUREMENT,1,10099.999317
6.950,50,23.400000,14.199999,9.999999,100.900000,MEASUREMENT,1,10099.999422
7.000,0,23.492111,12.050743,8.464817,100.961407,MEASUREMENT,1,8564.816760
7.050,0,23.570081,10.231438,7.165313,101.013387,MEASUREMENT,1,7265.312692
7.100,0,23.636082,8.691429,6.065306,101.057388,MEASUREMENT,1,6165.306247
7.150,0,23.691950,7.387839,5.134171,101.094633,MEASUREMENT,1,5234.170894
7.200,0,23.739241,6.284375,4.345982,101.126161,MEASUREMENT,1,4445.981834
7.250,0,23.779272,5.350312,3.678794,101.152848,MEASUREMENT,1,3778.794199
7.300,0,23.813158,4.559645,3.114032,101.175439,MEASUREMENT,1,3214.032059
7.350,0,23.841842,3.890360,2.635971,101.194561,MEASUREMENT,1,2735.971229
7.400,0,23.866122,3.323822,2.231301,101.210748,MEASUREMENT,1,2331.301473
7.450,0,23.886675,2.844258,1.888756,101.224450,MEASUREMENT,1,1988.755919
7.500,0,23.904072,2.438316,1.598797,101.236048,MEASUREMENT,1,1698.797368
7.550,0,23.918799,2.094694,1.353353,101.245866,MEASUREMENT,1,1453.352754
7.600,0,23.931265,1.803824,1.145588,101.254176,MEASUREMENT,1,1245.588374
7.650,0,23.941817,1.557607,0.969720,101.261211,MEASUREMENT,1,1069.719623
7.700,0,23.950749,1.349190,0.820850,101.267166,MEASUREMENT,1,920.849939
7.750,0,23.958310,1.172768,0.694834,101.272207,MEASUREMENT,1,794.834472
7.800,0,23.964710,1.023431,0.588165,101.276473,MEASUREMENT,1,688.164682
7.850,0,23.970128,0.897019,0.497871,101.280085,MEASUREMENT,1,597.870655
7.900,0,23.974714,0.790014,0.421438,101.283142,MEASUREMENT,1,521.438411
7.950,0,23.978596,0.699436,0.356740,101.285730,MEASUREMENT,1,456.739913
8.000,0,23.981882,0.622763,0.301974,101.287921,MEASUREMENT,1,401.973817
8.050,0,23.984663,0.557861,0.255615,101.289775,MEASUREMENT,1,355.615317
8.100,0,23.987018,0.502923,0.216374,101.291345,MEASUREMENT,1,316.373695
8.150,0,23.989011,0.456419,0.183156,101.292674,MEASUREMENT,1,283.156378
8.200,0,23.990698,0.417054,0.155039,101.293798,MEASUREMENT,1,255.038527
8.250,0,23.992126,0.383732,0.131237,101.294751,MEASUREMENT,1,231.237280
8.300,0,23.993335,0.355526,0.111090,101.295556,MEASUREMENT,1,211.089959
8.350,0,23.994358,0.331650,0.094036,101.296239,MEASUREMENT,1,194.035620
8.400,0,23.995224,0.311439,0.079599,101.296816,MEASUREMENT,1,179.599434
8.450,0,23.995957,0.294331,0.067379,101.297305,MEASUREMENT,1,167.379466
8.500,0,23.996578,0.279850,0.057035,101.297719,MEASUREMENT,1,157.035487
8.550,0,23.997103,0.267591,0.048279,101.298069,MEASUREMENT,1,148.279497
8.600,0,23.997548,0.257215,0.040868,101.298365,MEASUREMENT,1,140.867712
8.650,0,23.997924,0.248431,0.034594,101.298616,MEASUREMENT,1,134.593771
8.700,0,23.998243,0.240996,0.029283,101.298829,MEASUREMENT,1,129.282995
8.750,0,23.998513,0.234703,0.024788,101.299008,MEASUREMENT,1,124.787520
8.800,0,23.998741,0.229375,0.020982,101.299161,MEASUREMENT,1,120.982183
8.850,0,23.998934,0.224865,0.017761,101.299290,MEASUREMENT,1,117.761034
8.900,0,23.999098,0.221048,0.015034,101.299399,MEASUREMENT,1,115.034391
8.950,0,23.999236,0.217817,0.012726,101.299491,MEASUREMENT,1,112.726337
9.000,0,23.999354,0.215082,0.010773,101.299569,MEASUREMENT,1,110.772612
9.050,0,23.999453,0.212766,0.009119,101.299635,MEASUREMENT,1,109.118819
9.100,0,23.999537,0.210806,0.007719,101.299691,MEASUREMENT,1,107.718914
9.150,0,23.999608,0.209147,0.006534,101.299739,MEASUREMENT,1,106.533919
9.200,0,23.999668,0.207743,0.005531,101.299779,MEASUREMENT,1,105.530843
9.250,0,23.999719,0.206554,0.004682,101.299813,MEASUREMENT,1,104.681758
9.300,0,23.999762,0.205548,0.003963,101.299841,MEASUREMENT,1,103.963022
9.350,0,23.999799,0.204696,0.003355,101.299866,MEASUREMENT,1,103.354626
9.400,0,23.999830,0.203975,0.002840,101.299886,MEASUREMENT,1,102.839630
9.450,0,23.999856,0.203365,0.002404,101.299904,MEASUREMENT,1,102.403695
9.500,0,23.999878,0.202849,0.002035,101.299919,MEASUREMENT,1,102.034684
9.550,0,23.999897,0.202411,0.001722,101.299931,MEASUREMENT,1,101.722322
9.600,0,23.999913,0.202041,0.001458,101.299942,MEASUREMENT,1,101.457914
9.650,0,23.999926,0.201728,0.001234,101.299951,MEASUREMENT,1,101.234098
9.700,0,23.999937,0.201462,0.001045,101.299958,MEASUREMENT,1,101.044641
9.750,0,23.999947,0.201238,0.000884,101.299965,MEASUREMENT,1,100.884270
9.800,0,23.999955,0.201048,0.000749,101.299970,MEASUREMENT,1,100.748518
9.850,0,23.999962,0.200887,0.000634,101.299975,MEASUREMENT,1,100.633607
9.900,0,23.999968,0.200751,0.000536,101.299979,MEASUREMENT,1,100.536337
9.950,0,23.999973,0.200636,0.000454,101.299982,MEASUREMENT,1,100.453999
10.000,0,23.999977,0.200538,0.000384,101.299985,MEASUREMENT,1,100.384302
